id,procurement_id,winning_bidder_id,decision_date,cooling_off_expiry,contract_concluded,contract_concluded_at,award_value,decision_reason,decision_notes,published_at,published_by_id,created_by_id,pre_decision_at,pre_decision_by_id,evaluation_results_filename,ao_decision_at,ao_decision_by_id,ao_decision_reason,pou_score_summary,pou_score_reasons,ao_final_choice_summary,pou_decision_document_name,ao_decision_document_name,pou_score_entries
1,10,7,2026-09-01 00:47:56.673,2026-09-11 01:09:36.860,False,,345000.0,AO approved POU recommendation,Final decision forwarded to POU,2026-09-01 01:09:38.067,13,3,2026-09-01 01:09:36.860,13,,2026-09-01 01:09:37.493,4,Final decision approved by Accounting Officer,,,,,,
2,2,2,2026-09-01 22:30:16.680,2026-09-11 23:07:18.583,False,,3640.0,Final decision rationale,BIDDER BURS,2026-09-02 16:34:48.647,14,14,2026-09-01 23:07:18.560,14,,2026-09-02 16:33:46.887,4,BURS,Construction: 60% — exellent; BURSS: 56% — good; BURS: 34% — poor,Cont won,"POU scores: Construction: 60% — exellent; BURSS: 56% — good; BURS: 34% — poor
AO final choice: BURS",EBMS_Botswana_PPRA_Procurement_Workflow_Requirements.docx,awards_20260902_162013.xlsx,
3,11,5,2026-09-02 19:35:20.700,2026-09-12 19:35:20.670,False,,6000.0,BIDDER 1,BIDDER 1,2026-09-02 19:38:21.023,14,14,2026-09-02 19:35:20.667,14,,2026-09-02 19:37:24.377,4,BURS,Construction: 50%; BURS: 54%,BIDDER 1,"POU scores: Construction: 50%; BURS: 54%
AO final choice: BURS",TB-2026-611_5_b281cba4_1_List_of_Registration_Codes_PPADB (1).pdf,TB-2026-611_5_b281cba4_1_List_of_Registration_Codes_PPADB (1).pdf,"{""2"": {""score"": 50.0, ""reason"": """"}, ""5"": {""score"": 54.0, ""reason"": """"}}"
4,14,5,2026-09-02 22:16:49.777,2026-09-12 22:16:49.743,False,,90000.0,Since this maps onto the same EBMS build you're migrating from SQLite to SQL Server — want me to sketch the actual database schema (roles/permissions tables + observation table) for that ProcurementDB?,Since this maps onto the same EBMS build you're migrating from SQLite to SQL Server — want me to sketch the actual database schema (roles/permissions tables + observation table) for that ProcurementDB?,2026-09-02 22:19:36.050,14,14,2026-09-02 22:16:49.743,14,,2026-09-02 22:18:42.670,4,Since this maps onto the same EBMS build you're migrating from SQLite to SQL Server — want me to sketch the actual database schema (roles/permissions tables + observation table) for that ProcurementDB?,"Construction: 45% — If it's about the EBMS app, let me know which part of the flow this touches (e.g., tender evaluation, bid comparison, award confirmation) and I can help you implemen; BURS: 90% — Since this maps onto the same EBMS build you're migrating from SQLite to SQL Server — want me to sketch the actual database schema (roles/permissions tables + observation table) for that ProcurementDB?",Since this maps onto the same EBMS build you're migrating from SQLite to SQL Server — want me to sketch the actual database schema (roles/permissions tables + observation table) for that ProcurementDB?,"POU scores: Construction: 45% — If it's about the EBMS app, let me know which part of the flow this touches (e.g., tender evaluation, bid comparison, award confirmation) and I can help you implemen; BURS: 90% — Since this maps onto the same EBMS build you're migrating from SQLite to SQL Server — want me to sketch the actual database schema (roles/permissions tables + observation table) for that ProcurementDB?
AO final choice: Since this maps onto the same EBMS build you're migrating from SQLite to SQL Server — want me to sketch the actual database schema (roles/permissions tables + observation table) for that ProcurementDB?",TB-2026-611_5_b281cba4_1_List_of_Registration_Codes_PPADB (1).pdf,TB-2026-611_5_b281cba4_1_List_of_Registration_Codes_PPADB (1).pdf,"{""2"": {""score"": 45.0, ""reason"": ""If it's about the EBMS app, let me know which part of the flow this touches (e.g., tender evaluation, bid comparison, award confirmation) and I can help you implemen""}, ""5"": {""score"": 90.0, ""reason"": ""Since this maps onto the same EBMS build you're migrating from SQLite to SQL Server \u2014 want me to sketch the actual database schema (roles/permissions tables + observation table) for that ProcurementDB?""}}"
5,12,2,2026-09-03 08:05:41.970,2026-09-13 08:05:41.943,False,,69999.98,Just,Why are you asking  me,2026-09-03 08:08:06.227,14,14,2026-09-03 08:05:41.940,14,,2026-09-03 08:07:33.767,4,None,Construction: 95% — Just; BURS: 30% — poor,Why are you asking,"POU scores: Construction: 95% — Just; BURS: 30% — poor
AO final choice: None",TB-2026-611_5_b281cba4_1_List_of_Registration_Codes_PPADB (1).pdf,TB-2026-611_5_b281cba4_1_List_of_Registration_Codes_PPADB (1).pdf,"{""2"": {""score"": 95.0, ""reason"": ""Just""}, ""5"": {""score"": 30.0, ""reason"": ""poor""}}"
6,15,2,2026-09-07 19:37:50.430,2026-09-17 19:37:50.400,False,,30000.0,EBMS_Project_Review_Record_Sheet.docx,EBMS_Project_Review_Record_Sheet.docx,2026-09-07 19:39:48.237,14,14,2026-09-07 19:37:50.397,14,,2026-09-07 19:39:13.537,4,None,Construction: 50% — EBMS_Project_Review_Record_Sheet.docx,EBMS_Project_Review_Record_Sheet.docx,"POU scores: Construction: 50% — EBMS_Project_Review_Record_Sheet.docx
AO final choice: None",Project Review Template 1.docx,Project Review Template 1.docx,"{""2"": {""score"": 50.0, ""reason"": ""EBMS_Project_Review_Record_Sheet.docx""}}"
